日期,阶段,执行者,目标,开始时间,结束时间,生图调用数,输入文本token,输入图片token,输出token,计费金额,是否实测,备注
2026-10-02,工具链安装,Codex,共享Skill与独立运行环境,,,0,,,,,部分实测,本轮没有生图；耗时及可计费token未按阶段完整采集，留空而非0
2026-10-02,视觉方向首轮,Codex,方案1,2026-10-02 03:06:10 UTC,2026-10-02 03:06:57 UTC,1,,,,,调用数与时间实测,UTC时间；内置生图未返回token/金额；并发耗时不可相加
2026-10-02,视觉方向首轮,Codex,方案2,2026-10-02 03:06:10 UTC,2026-10-02 03:08:24 UTC,1,,,,,调用数与时间实测,UTC时间；内置生图未返回token/金额；并发耗时不可相加
2026-10-02,视觉方向首轮,Codex,方案3,2026-10-02 03:06:10 UTC,2026-10-02 03:07:42 UTC,1,,,,,调用数与时间实测,UTC时间；内置生图未返回token/金额；并发耗时不可相加
2026-10-02,视觉方向重探索,Codex,方案1,2026-10-02 03:12:26 UTC,2026-10-02 03:13:05 UTC,1,,,,,调用数与时间实测,UTC时间；内置生图未返回token/金额；并发耗时不可相加
2026-10-02,视觉方向重探索,Codex,方案2,2026-10-02 03:11:40 UTC,2026-10-02 03:12:58 UTC,1,,,,,调用数与时间实测,UTC时间；内置生图未返回token/金额；并发耗时不可相加
2026-10-02,视觉方向重探索,Codex,方案3,2026-10-02 03:11:40 UTC,2026-10-02 03:12:20 UTC,1,,,,,调用数与时间实测,UTC时间；内置生图未返回token/金额；并发耗时不可相加
2026-10-02,布局重新探索,Codex,A连续文章式,2026-10-02 03:27:02 UTC,2026-10-02 03:28:14 UTC,1,,,,,调用数与时间实测,UTC时间；布局重做；未返回token/金额；并发耗时不可相加
2026-10-02,布局重新探索,Codex,B分页阅读式,2026-10-02 03:27:02 UTC,2026-10-02 03:27:39 UTC,1,,,,,调用数与时间实测,UTC时间；布局重做；未返回token/金额；并发耗时不可相加
2026-10-02,布局重新探索,Codex,C侧边目录式,2026-10-02 03:27:02 UTC,2026-10-02 03:28:53 UTC,1,,,,,调用数与时间实测,UTC时间；布局重做；未返回token/金额；并发耗时不可相加
2026-10-02,纸面方向局部精修,Codex,用户选定direction-02后的单图编辑,2026-10-02 03:36:07 UTC,2026-10-02 03:36:45 UTC,1,,,,,调用数与时间实测,UTC时间；1张原稿参考；token与金额未返回；保留原布局
2026-10-02,关系缩略入口精修,Codex,右上小网底色与点击提示,2026-10-02 03:52:51 UTC,2026-10-02 03:53:29 UTC,1,,,,,调用数与时间实测,1张参考；UTC；token/金额未返回；新增1次，累计11次
2026-10-02,关系网按钮轻量精修,Codex,恢复纸面底色仅优化按钮,2026-10-02 04:12:27 UTC,2026-10-02 04:13:03 UTC,1,,,,,调用数与时间实测,1张参考；UTC；token/金额未返回；新增1次，累计12次
2026-10-02,其他视觉状态补全,Codex,三维关系网探索,2026-10-02 05:10:25 UTC,2026-10-02 05:11:07 UTC,1,,,,,调用数与时间实测,UTC；已确认03为唯一风格参考1张；token/金额未返回
2026-10-02,其他视觉状态补全,Codex,概念搜索,2026-10-02 05:10:25 UTC,2026-10-02 05:11:42 UTC,1,,,,,调用数与时间实测,UTC；已确认03为唯一风格参考1张；token/金额未返回
2026-10-02,其他视觉状态补全,Codex,概念目录,2026-10-02 05:10:25 UTC,2026-10-02 05:12:22 UTC,1,,,,,调用数与时间实测,UTC；已确认03为唯一风格参考1张；token/金额未返回
2026-10-02,其他视觉状态补全,Codex,完整卡文展开,2026-10-02 05:10:25 UTC,2026-10-02 05:12:47 UTC,1,,,,,调用数与时间实测,UTC；已确认03为唯一风格参考1张；token/金额未返回
2026-10-02,其他视觉状态局部修正,Codex,三维关系网探索修正,2026-10-02 05:14:36 UTC,2026-10-02 05:15:17 UTC,1,,,,,调用数与时间实测,UTC；原状态参考1张；占位/装饰修正；token/金额未返回
2026-10-02,其他视觉状态局部修正,Codex,概念目录修正,2026-10-02 05:14:36 UTC,2026-10-02 05:15:55 UTC,1,,,,,调用数与时间实测,UTC；原状态参考1张；占位/装饰修正；token/金额未返回
2026-10-02,其他视觉状态图例,Codex,按需图例,2026-10-02 05:16:58 UTC,2026-10-02 05:17:37 UTC,1,,,,,调用数与时间实测,UTC；修正版探索稿参考1张；token/金额未返回
2026-10-02,关键词图谱与阅读修订,Codex,关键词三维关系网,2026-10-02 05:46:23 UTC,2026-10-02 05:47:03 UTC,1,,,,,调用数与时间实测,UTC；参考图1张；token/金额未返回；旧稿保留
2026-10-02,关键词图谱与阅读修订,Codex,全部相邻概念清单,2026-10-02 05:46:23 UTC,2026-10-02 05:47:39 UTC,1,,,,,调用数与时间实测,UTC；参考图1张；token/金额未返回；旧稿保留
2026-10-02,关键词图谱与阅读修订,Codex,输入时匹配提示,2026-10-02 05:46:23 UTC,2026-10-02 05:48:13 UTC,1,,,,,调用数与时间实测,UTC；参考图1张；token/金额未返回；旧稿保留
2026-10-02,关键词图谱与阅读修订,Codex,连贯正文展开,2026-10-02 05:46:23 UTC,2026-10-02 05:48:48 UTC,1,,,,,调用数与时间实测,UTC；参考图1张；token/金额未返回；旧稿保留
2026-10-02,关键词图谱与阅读修订,Codex,首屏关键词缩略与简化入口,2026-10-02 05:46:23 UTC,2026-10-02 05:49:24 UTC,1,,,,,调用数与时间实测,UTC；参考图1张；token/金额未返回；旧稿保留
2026-10-02,关键词网方向修正,Codex,关键词网方向与状态修正,2026-10-02 05:51:25 UTC,2026-10-02 05:52:08 UTC,1,,,,,调用数与时间实测,UTC；参考图1张；补3条正确箭头与当前概念状态；token/金额未返回
2026-10-02,小节点与页内展开修订,Codex,graph43,2026-10-02 07:02:15 UTC,2026-10-02 07:02:56 UTC,1,,,,,调用数与时间实测,UTC；参考图1张；token/金额未返回；原图保留
2026-10-02,小节点与页内展开修订,Codex,reading43,2026-10-02 07:02:15 UTC,2026-10-02 07:03:44 UTC,1,,,,,调用数与时间实测,UTC；参考图1张；token/金额未返回；原图保留
2026-10-02,小节点与页内展开修订,Codex,graph43fix,2026-10-02 07:03:50 UTC,2026-10-02 07:04:28 UTC,1,,,,,调用数与时间实测,UTC；参考图1张；token/金额未返回；原图保留
2026-10-02,小节点与页内展开修订,Codex,graph43final,2026-10-02 07:05:22 UTC,2026-10-02 07:06:01 UTC,1,,,,,调用数与时间实测,UTC；参考图1张；token/金额未返回；原图保留
2026-10-02,统一图谱详情页面,Codex,explore44,2026-10-02 07:15:40 UTC,2026-10-02 07:17:08 UTC,1,,,,,调用数与时间实测,UTC；参考图1张；token/金额未返回；两张为同页状态
2026-10-02,统一图谱详情页面,Codex,reading44,2026-10-02 07:15:40 UTC,2026-10-02 07:16:24 UTC,1,,,,,调用数与时间实测,UTC；参考图2张；token/金额未返回；两张为同页状态
2026-10-02,HTML还原独立素材,Codex,纸山页脚背景,2026-10-02 07:30:08 UTC,2026-10-02 07:30:32 UTC,1,,,,,调用数与时间实测,内置生图；无参考图；token/金额未返回；原图与副本一致
2026-10-02,HTML还原与浏览器验证,Codex,44号统一页面,,,0,,,,,部分实测,构建、图标字体、UI交互及手机模拟已记录；阶段总耗时/token未精确采集，留空
2026-10-02,关系网连线与三维标签优化,Codex,46号完整局部网,,,0,,,,,部分实测,新增three-spritetext锁定依赖；生图0次；浏览器模拟检查与构建有记录；token/金额/阶段总耗时未采集，留空
2026-10-02,局部浏览与连续阅读修订,Codex,47号,,,0,,,,,部分实测,无新增依赖/生图；17主检查+模拟双指3项；参考官方源码和运行例；token/金额/完整工时未采集，留空
2026-10-02,自由浏览与导航精简,Codex,48号,,,0,,,,,部分实测,无新增依赖/生图；14项自由视点/触摸/导航/窄屏检查；token/金额/完整工时未采集，留空
2026-10-02,节点拖动与邻居分组,Codex,49号,,,0,,,,,部分实测,无新增依赖/生图；真实鼠标/触摸拖动与连线响应、分组默认状态等核验；token/金额/完整工时未采集，留空
2026-10-02,自由探索与完整关系网,Codex,50号,,,0,,,,,部分实测,无新增依赖/生图；原生Orbit基线比较及24项真实探索流程/触摸/窄屏核验；token/金额/完整工时未采集，留空
2026-10-02,当前概念视觉层级,Codex,51号,,,0,,,,,部分实测,无新增依赖/生图；10项视觉及关键交互复查/构建/源守恒；token/金额/完整工时未采集，留空

2026-10-02,关系线对比微调,Codex,52号,,,0,,,,,部分实测,直接邻接逐边核对/切换坐标保持/窄屏及构建；无生图；token金额完整工时未实测

2026-10-02,视觉确认与WorkBuddy交接,Codex,53号,,,0,,,,,部分实测,核对当前源及旧规划差异；交接文档导航状态与基线哈希落档；未生图或执行WB任务；token金额工时未采集
2026-10-02,接管核对与工程补缺,WorkBuddy,53号步骤1-2,,,0,,,,,部分实测,基线哈希12件全对/数据对账全绿/前进后退修复/上下文丢失兜底/通俗解释接入；39+5项浏览器验证全过；无生图无模型调用；token金额完整工时未采集
2026-10-02,手机模拟与集中验收,WorkBuddy,53号步骤3,,,0,,,,,部分实测,320/390/430视口+触控模拟+键盘5项通过；实机验证无条件未执行(如实标注)；54号报告交付；token金额工时未采集

2026-10-02,Codex复核54号,Codex,55号,,,0,,,,,部分实测,冻结源及全197卡DOM数据核对；16项独立浏览器14通过2失败；独立构建实际验证；token金额完整工时未采集
2026-10-02,F1F2状态恢复缺口修复,WorkBuddy,55号复核回应,,,0,,,,,部分实测,相邻展开快照+即时同步拆分；9专项+39全面回归PASS；56号报告交回；无生图无模型调用；token金额工时未采集

2026-10-02,Codex复验56号,Codex,57号,,,0,,,,,部分实测,6项独立专项4通过2失败；来源及变化核对；未改代码内容；token金额完整工时未采集
2026-10-02,历史覆盖与快速导航时序修复,WorkBuddy,57号复验回应,,,0,,,,,部分实测,移除恢复块越界写入+MutationObserver微任务级同步；四套回归64项PASS；58号报告交回；无生图无模型调用；token金额工时未采集

2026-10-02,Codex复验58号,Codex,59号,,,0,,,,,部分实测,原复现6项专项重跑11项独立候选5项全部通过；重建及来源核对；未改实现内容；token金额工时未采集
