卡号,卡名,字段,原值,原标记
1-01,人工智能,前置概念,—,（空值 —）
1-01,人工智能,后续概念,"1-02, 1-04, 3-08",〔不可信〕
1-02,智能,前置概念,1-01,〔不可信〕
1-02,智能,后续概念,"1-03, 1-05",〔不可信〕
1-03,人类与机器的差异,前置概念,"1-01, 1-02",〔不可信〕
1-03,人类与机器的差异,后续概念,"1-04, 1-14, 6-01",〔不可信〕
1-04,输入—处理—输出,前置概念,1-01,〔不可信〕
1-04,输入—处理—输出,后续概念,"3-01, 4-11",〔不可信〕
1-05,窄人工智能,前置概念,1-01,〔不可信〕
1-05,窄人工智能,后续概念,"1-20, 1-06",〔不可信〕
1-06,通用人工智能（AGI）,前置概念,1-05,〔不可信〕
1-06,通用人工智能（AGI）,后续概念,"1-07, 1-15, 6-11",〔不可信〕
1-07,超级智能（ASI）,前置概念,1-06,〔不可信〕
1-07,超级智能（ASI）,后续概念,"1-15, 6-11, 6-12",〔不可信〕
1-08,图灵测试,前置概念,1-03,〔不可信〕
1-08,图灵测试,后续概念,6-01,〔不可信〕
1-09,感知—决策—行动,前置概念,1-04,〔不可信〕
1-09,感知—决策—行动,后续概念,"1-13, 5-11",〔不可信〕
1-10,AI系统的能力边界,前置概念,"1-01, 1-04",〔不可信〕
1-10,AI系统的能力边界,后续概念,"3-18, 4-12, 4-13",〔不可信〕
1-11,自主性,前置概念,1-09,〔不可信〕
1-11,自主性,后续概念,"4-17, 4-19, 6-07",〔不可信〕
1-12,计算器与计算机的区别,前置概念,1-04,〔不可信〕
1-12,计算器与计算机的区别,后续概念,"3-01, 3-03",〔不可信〕
1-13,人与技术系统的关系,前置概念,"1-03, 1-09",〔不可信〕
1-13,人与技术系统的关系,后续概念,"6-01, 6-08",〔不可信〕
1-14,人机协作中的分工与责任,前置概念,1-13,〔不可信〕
1-14,人机协作中的分工与责任,后续概念,"4-19, 6-08",〔不可信〕
1-15,递归自我改进（RSI）,前置概念,"1-06, 1-07",〔不可信〕
1-15,递归自我改进（RSI）,后续概念,"6-11, 6-12",〔不可信〕
1-16,AI 发展史（时间轴）,前置概念,1-01,〔不可信〕
1-16,AI 发展史（时间轴）,后续概念,"1-06, 3-20",〔不可信〕
1-17,AI 的主要技术路线,前置概念,"1-01, 1-05, 3-06",〔不可信〕
1-17,AI 的主要技术路线,后续概念,"1-18, 1-19, 3-31, 3-32",〔不可信〕
1-18,AlphaGo 与专用人工智能,前置概念,"1-17, 1-05, 3-10",〔不可信〕
1-18,AlphaGo 与专用人工智能,后续概念,"1-19, 3-31",〔不可信〕
1-19,AlphaFold 与 AI 做科学,前置概念,"1-17, 1-18, 1-05",〔不可信〕
1-19,AlphaFold 与 AI 做科学,后续概念,"3-32, 4-34",〔不可信〕
1-20,专用人工智能与通用人工智能,前置概念,1-05,〔不可信〕
1-20,专用人工智能与通用人工智能,后续概念,"1-06, 1-07, 1-17",〔不可信〕
2-01,数据,前置概念,1-04,〔不可信〕
2-01,数据,后续概念,"2-02, 2-03, 2-05",〔不可信〕
2-02,信息,前置概念,2-01,〔不可信〕
2-02,信息,后续概念,2-03,〔不可信〕
2-03,知识,前置概念,2-02,〔不可信〕
2-03,知识,后续概念,2-12,〔不可信〕
2-04,数据集,前置概念,2-01,〔不可信〕
2-04,数据集,后续概念,"2-05, 2-06, 2-07, 3-11",〔不可信〕
2-05,数据标注与标签,前置概念,2-04,〔不可信〕
2-05,数据标注与标签,后续概念,"2-08, 3-06",〔不可信〕
2-06,训练集、验证集与测试集,前置概念,2-04,〔不可信〕
2-06,训练集、验证集与测试集,后续概念,"3-16, 3-15",〔不可信〕
2-07,结构化与非结构化数据,前置概念,2-01,〔不可信〕
2-07,结构化与非结构化数据,后续概念,"2-09, 2-13",〔不可信〕
2-08,数据质量与数据清洗,前置概念,"2-04, 2-05",〔不可信〕
2-08,数据质量与数据清洗,后续概念,"2-10, 2-14",〔不可信〕
2-09,元数据,前置概念,2-07,〔不可信〕
2-09,元数据,后续概念,"2-14, 6-05",〔不可信〕
2-10,数据偏差,前置概念,2-08,〔不可信〕
2-10,数据偏差,后续概念,"3-17, 6-02, 6-03",〔不可信〕
2-11,数据来源与数据权利,前置概念,2-09,〔不可信〕
2-11,数据来源与数据权利,后续概念,"6-04, 6-05",〔不可信〕
2-12,知识图谱,前置概念,2-03,〔不可信〕
2-12,知识图谱,后续概念,"2-15, 4-15",〔不可信〕
2-13,检索,前置概念,2-07,〔不可信〕
2-13,检索,后续概念,"2-15, 4-14",〔不可信〕
2-14,资料核验与信息来源判断,前置概念,"2-09, 2-11",〔不可信〕
2-14,资料核验与信息来源判断,后续概念,"6-01, 6-06",〔不可信〕
2-15,嵌入与语义相似,前置概念,"2-13, 3-05",〔不可信〕
2-15,嵌入与语义相似,后续概念,"4-14, 4-16",〔不可信〕
2-16,数字素养,前置概念,2-14,〔不可信〕
2-16,数字素养,后续概念,"2-17, 6-01",〔不可信〕
2-17,信息茧房与算法推荐,前置概念,"2-16, 2-10",〔不可信〕
2-17,信息茧房与算法推荐,后续概念,"6-01, 6-18",〔不可信〕
2-18,向量数据库,前置概念,"2-15, 2-13",〔不可信〕
2-18,向量数据库,后续概念,"4-14, 2-20",〔不可信〕
2-19,结构化输出,前置概念,"4-03, 4-16",〔不可信〕
2-19,结构化输出,后续概念,"4-39, 5-06",〔不可信〕
2-20,企业知识问答,前置概念,"4-15, 4-14, 2-18",〔不可信〕
2-20,企业知识问答,后续概念,5-27,〔不可信〕
2-21,幻觉与事实性评估,前置概念,"4-12, 3-15",〔不可信〕
2-21,幻觉与事实性评估,后续概念,"6-26, 4-13",〔不可信〕
2-22,水印与内容溯源,前置概念,"4-21, 2-09",〔不可信〕
2-22,水印与内容溯源,后续概念,"6-06, 6-37, 6-40",〔不可信〕
3-01,算法,前置概念,1-12,〔不可信〕
3-01,算法,后续概念,"3-02, 3-03, 3-09",〔不可信〕
3-02,规则,前置概念,3-01,〔不可信〕
3-02,规则,后续概念,"3-04, 3-07",〔不可信〕
3-03,搜索（问题求解）,前置概念,3-01,〔不可信〕
3-03,搜索（问题求解）,后续概念,3-09,〔不可信〕
3-04,模型,前置概念,3-02,〔不可信〕
3-04,模型,后续概念,"3-05, 3-14, 3-22",〔不可信〕
3-05,特征,前置概念,3-04,〔不可信〕
3-05,特征,后续概念,"2-15, 3-09",〔不可信〕
3-06,机器学习,前置概念,"3-02, 2-04",〔不可信〕
3-06,机器学习,后续概念,"3-07, 3-08, 3-11",〔不可信〕
3-07,监督学习与无监督学习,前置概念,"3-06, 2-05",〔不可信〕
3-07,监督学习与无监督学习,后续概念,"3-10, 3-11",〔不可信〕
3-08,深度学习与神经网络,前置概念,3-06,〔不可信〕
3-08,深度学习与神经网络,后续概念,"4-01, 3-22",〔不可信〕
3-09,训练与推断,前置概念,"3-04, 3-06",〔不可信〕
3-09,训练与推断,后续概念,"4-02, 3-22",〔不可信〕
3-10,强化学习,前置概念,3-07,〔不可信〕
3-10,强化学习,后续概念,"4-07, 4-17",〔不可信〕
3-11,分类与聚类,前置概念,3-07,〔不可信〕
3-11,分类与聚类,后续概念,"3-16, 3-15",〔不可信〕
3-12,模式与相关不等于因果,前置概念,3-06,〔不可信〕
3-12,模式与相关不等于因果,后续概念,"2-10, 6-02",〔不可信〕
3-13,概率与不确定性,前置概念,3-06,〔不可信〕
3-13,概率与不确定性,后续概念,"4-12, 3-15",〔不可信〕
3-14,泛化,前置概念,3-09,〔不可信〕
3-14,泛化,后续概念,3-15,〔不可信〕
3-15,模型评价,前置概念,"3-14, 2-06",〔不可信〕
3-15,模型评价,后续概念,"3-16, 5-08",〔不可信〕
3-16,边界案例与可靠性测试,前置概念,3-15,〔不可信〕
3-16,边界案例与可靠性测试,后续概念,"5-08, 5-09, 6-07",〔不可信〕
3-17,缩放定律,前置概念,"3-22, 4-04",〔不可信〕
3-17,缩放定律,后续概念,3-26,〔不可信〕
3-18,任务适配与AI适用性判断,前置概念,"1-10, 3-16",〔不可信〕
3-18,任务适配与AI适用性判断,后续概念,"5-01, 6-08",〔不可信〕
3-19,模型架构,前置概念,3-04,〔不可信〕
3-19,模型架构,后续概念,"3-20, 3-23, 3-24",〔不可信〕
3-20,Transformer 架构,前置概念,"3-19, 3-08",〔不可信〕
3-20,Transformer 架构,后续概念,"3-21, 4-03, 4-22",〔不可信〕
3-21,下一个词预测与自回归生成,前置概念,"3-20, 4-09",〔不可信〕
3-21,下一个词预测与自回归生成,后续概念,"4-12, 3-25, 4-14",〔不可信〕
3-22,参数规模与模型大小,前置概念,3-13,〔不可信〕
3-22,参数规模与模型大小,后续概念,"3-17, 4-20, 5-18",〔不可信〕
3-23,扩散模型,前置概念,"3-19, 3-04",〔不可信〕
3-23,扩散模型,后续概念,"4-02, 6-06",〔不可信〕
3-24,混合专家模型（MoE）,前置概念,"3-19, 3-20",〔不可信〕
3-24,混合专家模型（MoE）,后续概念,3-22,〔不可信〕
3-25,思维链（CoT）,前置概念,3-21,〔不可信〕
3-25,思维链（CoT）,后续概念,"3-26, 4-20, 4-14",〔不可信〕
3-26,涌现能力与顿悟时刻,前置概念,"3-17, 3-22",〔不可信〕
3-26,涌现能力与顿悟时刻,后续概念,1-06,〔不可信〕
3-27,奖励模型与偏好优化家族,前置概念,4-04,〔不可信〕
3-27,奖励模型与偏好优化家族,后续概念,"3-28, 6-13",〔不可信〕
3-28,"推断与""推理模型""之辨",前置概念,3-09,〔不可信〕
3-28,"推断与""推理模型""之辨",后续概念,"5-17, 5-18",〔不可信〕
3-29,模型评测与基准,前置概念,3-15,〔不可信〕
3-29,模型评测与基准,后续概念,"6-01, 6-07",〔不可信〕
3-30,推荐系统,前置概念,"3-06, 3-11",〔不可信〕
3-30,推荐系统,后续概念,"2-17, 6-24, 6-26",〔不可信〕
3-31,强化学习与自我对弈,前置概念,"3-10, 1-17, 1-18",〔不可信〕
3-31,强化学习与自我对弈,后续概念,4-07,〔不可信〕
3-32,AI 做科学研究的原理（结构预测）,前置概念,"3-06, 1-19",〔不可信〕
3-32,AI 做科学研究的原理（结构预测）,后续概念,"4-34, 5-23",〔不可信〕
3-33,多模态大模型,前置概念,"4-11, 4-22, 3-20",〔不可信〕
3-33,多模态大模型,后续概念,"4-31, 4-35, 4-36",〔不可信〕
3-34,推理模型,前置概念,"3-25, 3-28, 3-20",〔不可信〕
3-34,推理模型,后续概念,"3-26, 4-44, 5-17",〔不可信〕
3-35,模型蒸馏,前置概念,"3-22, 4-04, 4-05",〔不可信〕
3-35,模型蒸馏,后续概念,"5-18, 6-21",〔不可信〕
3-36,AI反馈强化学习,前置概念,"3-27, 4-07, 3-10",〔不可信〕
3-36,AI反馈强化学习,后续概念,"4-06, 6-13",〔不可信〕
3-37,后训练,前置概念,"4-04, 4-05",〔不可信〕
3-37,后训练,后续概念,"3-36, 4-06, 3-35",〔不可信〕
3-38,世界模型,前置概念,"3-04, 3-10",〔不可信〕
3-38,世界模型,后续概念,"3-40, 4-25",〔不可信〕
3-39,可解释性,前置概念,"3-04, 3-15",〔不可信〕
3-39,可解释性,后续概念,"6-03, 6-36",〔不可信〕
3-40,具身智能与物理AI,前置概念,"1-09, 3-38, 1-11",〔不可信〕
3-40,具身智能与物理AI,后续概念,6-11,〔不可信〕
4-01,生成式人工智能,前置概念,3-08,〔不可信〕
4-01,生成式人工智能,后续概念,"4-02, 4-03, 4-13",〔不可信〕
4-02,人工智能生成内容,前置概念,4-01,〔不可信〕
4-02,人工智能生成内容,后续概念,"4-21, 6-05, 6-06",〔不可信〕
4-03,大语言模型,前置概念,"4-01, 3-09",〔不可信〕
4-03,大语言模型,后续概念,"4-04, 4-08, 4-09, 4-12",〔不可信〕
4-04,预训练,前置概念,3-20,〔不可信〕
4-04,预训练,后续概念,"4-05, 4-06, 3-22",〔不可信〕
4-05,微调与指令微调,前置概念,4-04,〔不可信〕
4-05,微调与指令微调,后续概念,"4-06, 4-11",〔不可信〕
4-06,对齐,前置概念,"4-05, 3-27",〔不可信〕
4-06,对齐,后续概念,"6-11, 6-13",〔不可信〕
4-07,人类反馈强化学习与直接偏好优化,前置概念,"4-04, 3-10",〔不可信〕
4-07,人类反馈强化学习与直接偏好优化,后续概念,4-19,〔不可信〕
4-08,聊天机器人,前置概念,4-03,〔不可信〕
4-08,聊天机器人,后续概念,"4-10, 4-20",〔不可信〕
4-09,Token（词元）,前置概念,4-03,〔不可信〕
4-09,Token（词元）,后续概念,4-23,〔不可信〕
4-10,提示与提示工程,前置概念,4-03,〔不可信〕
4-10,提示与提示工程,后续概念,"4-14, 4-18, 5-12",〔不可信〕
4-11,多模态,前置概念,4-01,〔不可信〕
4-11,多模态,后续概念,4-20,〔不可信〕
4-12,幻觉,前置概念,"4-03, 3-13",〔不可信〕
4-12,幻觉,后续概念,"4-15, 6-01, 6-06",〔不可信〕
4-13,生成结果的比较与核查,前置概念,"4-12, 1-10",〔不可信〕
4-13,生成结果的比较与核查,后续概念,"5-08, 6-01",〔不可信〕
4-14,检索增强生成,前置概念,"2-13, 2-15, 4-10",〔不可信〕
4-14,检索增强生成,后续概念,"4-15, 5-06",〔不可信〕
4-15,基于资料的回答与知识库,前置概念,"4-14, 2-12",〔不可信〕
4-15,基于资料的回答与知识库,后续概念,"5-06, 6-01",〔不可信〕
4-16,工具调用,前置概念,"2-15, 4-23",〔不可信〕
4-16,工具调用,后续概念,"4-17, 4-19",〔不可信〕
4-17,AI智能体,前置概念,"4-16, 3-10, 1-11",〔不可信〕
4-17,AI智能体,后续概念,"4-19, 5-10, 6-07",〔不可信〕
4-18,工作流,前置概念,"3-01, 4-23",〔不可信〕
4-18,工作流,后续概念,"4-17, 5-05, 5-07",〔不可信〕
4-19,人工判断点,前置概念,"1-14, 4-17",〔不可信〕
4-19,人工判断点,后续概念,"5-10, 6-08",〔不可信〕
4-20,人机交互,前置概念,"4-08, 4-11",〔不可信〕
4-20,人机交互,后续概念,"5-03, 5-04",〔不可信〕
4-21,内容标识与AI参与说明,前置概念,4-02,〔不可信〕
4-21,内容标识与AI参与说明,后续概念,"6-05, 6-06",〔不可信〕
4-22,原生多模态,前置概念,"4-11, 3-20",〔不可信〕
4-22,原生多模态,后续概念,"4-23, 6-06",〔不可信〕
4-23,上下文窗口与长上下文,前置概念,"4-09, 4-04, 4-22",〔不可信〕
4-23,上下文窗口与长上下文,后续概念,"4-10, 4-15, 4-18, 4-27",〔不可信〕
4-24,Agent 技能包（Skill）,前置概念,"4-16, 4-17",〔不可信〕
4-24,Agent 技能包（Skill）,后续概念,"4-25, 4-26",〔不可信〕
4-25,智能体循环（Loop）,前置概念,"4-17, 4-16",〔不可信〕
4-25,智能体循环（Loop）,后续概念,"4-26, 4-19",〔不可信〕
4-26,智能体脚手架与子智能体,前置概念,"4-25, 4-24",〔不可信〕
4-26,智能体脚手架与子智能体,后续概念,6-16,〔不可信〕
4-27,长期记忆,前置概念,"4-23, 4-17",〔不可信〕
4-27,长期记忆,后续概念,"4-28, 6-04",〔不可信〕
4-28,氛围编程与规格驱动编程,前置概念,"4-17, 5-12",〔不可信〕
4-28,氛围编程与规格驱动编程,后续概念,"6-07, 6-15",〔不可信〕
4-29,提示素养,前置概念,4-10,〔不可信〕
4-29,提示素养,后续概念,"4-28, 4-14",〔不可信〕
4-30,学术诚信与 AI,前置概念,"2-14, 4-14",〔不可信〕
4-30,学术诚信与 AI,后续概念,"6-05, 6-16",〔不可信〕
4-31,计算机视觉与图像识别,前置概念,"4-11, 3-08",〔不可信〕
4-31,计算机视觉与图像识别,后续概念,"4-33, 6-16",〔不可信〕
4-32,语音识别与语音合成,前置概念,"4-11, 3-08",〔不可信〕
4-32,语音识别与语音合成,后续概念,4-33,〔不可信〕
4-33,机器翻译与自然语言处理,前置概念,"4-03, 4-11",〔不可信〕
4-33,机器翻译与自然语言处理,后续概念,—,（空值 —）
4-34,AI 应用全景,前置概念,"4-01, 4-03",〔不可信〕
4-34,AI 应用全景,后续概念,"4-31, 6-18",〔不可信〕
4-35,实时语音对话,前置概念,"4-32, 4-11",〔不可信〕
4-35,实时语音对话,后续概念,4-46,〔不可信〕
4-36,AI生成视频,前置概念,"3-23, 4-02",〔不可信〕
4-36,AI生成视频,后续概念,"4-47, 6-06",〔不可信〕
4-37,AI音乐生成,前置概念,"3-23, 4-02",〔不可信〕
4-37,AI音乐生成,后续概念,"4-47, 6-05",〔不可信〕
4-38,AI配音与语音克隆,前置概念,"4-32, 4-02",〔不可信〕
4-38,AI配音与语音克隆,后续概念,"6-06, 6-37",〔不可信〕
4-39,智能体工作流,前置概念,"4-18, 4-17, 4-25",〔不可信〕
4-39,智能体工作流,后续概念,"5-24, 5-26",〔不可信〕
4-40,多智能体协作,前置概念,"4-17, 4-26, 4-25",〔不可信〕
4-40,多智能体协作,后续概念,"4-41, 5-26",〔不可信〕
4-41,智能体间协议,前置概念,4-40,〔不可信〕
4-41,智能体间协议,后续概念,5-26,〔不可信〕
4-42,计算机使用智能体,前置概念,"4-17, 4-16, 4-25",〔不可信〕
4-42,计算机使用智能体,后续概念,"5-26, 6-35",〔不可信〕
4-43,AI编程智能体,前置概念,"4-17, 4-28, 4-16",〔不可信〕
4-43,AI编程智能体,后续概念,"6-07, 5-25",〔不可信〕
4-44,智能体的规划与反思,前置概念,"4-25, 3-25, 4-17",〔不可信〕
4-44,智能体的规划与反思,后续概念,4-39,〔不可信〕
4-45,AI搜索与对话式搜索,前置概念,"2-13, 4-14, 4-03",〔不可信〕
4-45,AI搜索与对话式搜索,后续概念,"6-01, 6-26",〔不可信〕
4-46,AI助手与副驾驶,前置概念,"4-17, 4-03",〔不可信〕
4-46,AI助手与副驾驶,后续概念,"5-27, 6-23",〔不可信〕
4-47,AI内容创作工作流,前置概念,"4-18, 4-02, 4-36, 4-37",〔不可信〕
4-47,AI内容创作工作流,后续概念,"6-28, 6-40",〔不可信〕
5-01,需求与用户,前置概念,3-18,〔不可信〕
5-01,需求与用户,后续概念,5-02,〔不可信〕
5-02,原型,前置概念,5-01,〔不可信〕
5-02,原型,后续概念,"5-03, 5-07, 5-09",〔不可信〕
5-03,页面、组件与状态,前置概念,"5-02, 4-20",〔不可信〕
5-03,页面、组件与状态,后续概念,"5-05, 5-06, 5-07",〔不可信〕
5-04,用户反馈,前置概念,"5-01, 4-20",〔不可信〕
5-04,用户反馈,后续概念,"5-07, 5-09",〔不可信〕
5-05,数据流与流程,前置概念,"5-03, 4-18",〔不可信〕
5-05,数据流与流程,后续概念,"5-06, 5-10",〔不可信〕
5-06,接口与模型调用,前置概念,"5-05, 4-15, 4-16",〔不可信〕
5-06,接口与模型调用,后续概念,5-10,〔不可信〕
5-07,迭代,前置概念,"5-02, 5-04",〔不可信〕
5-07,迭代,后续概念,"5-09, 5-13",〔不可信〕
5-08,测试用例与测试设计,前置概念,"3-16, 5-02",〔不可信〕
5-08,测试用例与测试设计,后续概念,"5-09, 5-13",〔不可信〕
5-09,失败分析与修复,前置概念,"5-08, 5-07",〔不可信〕
5-09,失败分析与修复,后续概念,"5-13, 6-07",〔不可信〕
5-10,应用结构与系统关系,前置概念,"5-06, 4-17",〔不可信〕
5-10,应用结构与系统关系,后续概念,"5-11, 6-07",〔不可信〕
5-11,部署与发布判断,前置概念,"5-10, 1-09",〔不可信〕
5-11,部署与发布判断,后续概念,"6-07, 6-08",〔不可信〕
5-12,任务说明与结构化表达,前置概念,4-10,〔不可信〕
5-12,任务说明与结构化表达,后续概念,"5-13, 5-14",〔不可信〕
5-13,方法沉淀与复用,前置概念,"5-07, 5-09, 5-12",〔不可信〕
5-13,方法沉淀与复用,后续概念,5-14,〔不可信〕
5-14,创新价值判断,前置概念,"5-13, 5-01",〔不可信〕
5-14,创新价值判断,后续概念,"6-08, 6-10",〔不可信〕
5-15,API 与 API Key（安全视角）,前置概念,5-06,〔不可信〕
5-15,API 与 API Key（安全视角）,后续概念,"4-26, 5-17",〔不可信〕
5-16,超算中心与智算中心,前置概念,5-10,〔不可信〕
5-16,超算中心与智算中心,后续概念,"5-17, 6-10",〔不可信〕
5-17,词元计费与推理成本,前置概念,"4-09, 3-28",〔不可信〕
5-17,词元计费与推理成本,后续概念,5-18,〔不可信〕
5-18,云端部署与本地部署,前置概念,5-17,〔不可信〕
5-18,云端部署与本地部署,后续概念,6-04,〔不可信〕
5-19,提示注入与越狱,前置概念,"4-11, 4-16",〔不可信〕
5-19,提示注入与越狱,后续概念,6-07,〔不可信〕
5-20,AI 芯片,前置概念,3-28,〔不可信〕
5-20,AI 芯片,后续概念,"5-21, 5-16",〔不可信〕
5-21,算力,前置概念,5-20,〔不可信〕
5-21,算力,后续概念,"5-16, 5-22",〔不可信〕
5-22,数据中心与散热,前置概念,5-16,〔不可信〕
5-22,数据中心与散热,后续概念,6-10,〔不可信〕
5-23,AI for Science（科学智能）,前置概念,"1-19, 3-32",〔不可信〕
5-23,AI for Science（科学智能）,后续概念,"4-34, 6-19",〔不可信〕
5-24,自动化编排平台,前置概念,"4-39, 4-18",〔不可信〕
5-24,自动化编排平台,后续概念,"5-25, 5-26",〔不可信〕
5-25,无代码与低代码AI应用搭建,前置概念,"5-24, 4-18",〔不可信〕
5-25,无代码与低代码AI应用搭建,后续概念,"5-27, 6-08",〔不可信〕
5-26,智能体治理与责任,前置概念,"4-40, 4-19, 6-09",〔不可信〕
5-26,智能体治理与责任,后续概念,6-11,〔不可信〕
5-27,AI在行业中的落地,前置概念,"4-34, 4-46",〔不可信〕
5-27,AI在行业中的落地,后续概念,"6-17, 6-18",〔不可信〕
6-01,事实与误导信息,前置概念,"4-12, 2-14",〔不可信〕
6-01,事实与误导信息,后续概念,6-06,〔不可信〕
6-02,偏差与公平,前置概念,"2-10, 3-12",〔不可信〕
6-02,偏差与公平,后续概念,"6-03, 6-09",〔不可信〕
6-03,算法偏见与可解释性,前置概念,6-02,〔不可信〕
6-03,算法偏见与可解释性,后续概念,6-09,〔不可信〕
6-04,隐私与个人信息保护,前置概念,2-11,〔不可信〕
6-04,隐私与个人信息保护,后续概念,"6-05, 6-07",〔不可信〕
6-05,版权与署名,前置概念,"2-09, 4-02",〔不可信〕
6-05,版权与署名,后续概念,6-06,〔不可信〕
6-06,深度伪造与内容安全,前置概念,"6-01, 4-21",〔不可信〕
6-06,深度伪造与内容安全,后续概念,6-07,〔不可信〕
6-07,安全边界与人工决定点,前置概念,"6-04, 6-06, 4-19",〔不可信〕
6-07,安全边界与人工决定点,后续概念,"6-08, 6-09",〔不可信〕
6-08,责任与发布决定,前置概念,"6-07, 5-11",〔不可信〕
6-08,责任与发布决定,后续概念,"6-09, 6-10",〔不可信〕
6-09,AI治理与制度,前置概念,"6-08, 6-03",〔不可信〕
6-09,AI治理与制度,后续概念,6-10,〔不可信〕
6-10,劳动、环境与未来选择,前置概念,"6-09, 5-14, 1-06",〔不可信〕
6-10,劳动、环境与未来选择,后续概念,—,（空值 —）
6-11,AI 安全与可控性,前置概念,"1-15, 4-06",〔不可信〕
6-11,AI 安全与可控性,后续概念,"6-12, 6-13, 6-14",〔不可信〕
6-12,超级对齐,前置概念,"6-11, 1-07",〔不可信〕
6-12,超级对齐,后续概念,6-14,〔不可信〕
6-13,AI 对齐与价值对齐,前置概念,4-06,〔不可信〕
6-13,AI 对齐与价值对齐,后续概念,"6-14, 6-15",〔不可信〕
6-14,人类文明与 AI 共生共存,前置概念,"6-11, 1-03",〔不可信〕
6-14,人类文明与 AI 共生共存,后续概念,"6-15, 6-19",〔不可信〕
6-15,AI 与人的尊严和意义感,前置概念,"6-14, 1-13",〔不可信〕
6-15,AI 与人的尊严和意义感,后续概念,6-19,〔不可信〕
6-16,未成年人保护与 AI,前置概念,"2-17, 6-01",〔不可信〕
6-16,未成年人保护与 AI,后续概念,6-17,〔不可信〕
6-17,AI 与就业及社会结构变迁,前置概念,6-10,〔不可信〕
6-17,AI 与就业及社会结构变迁,后续概念,"6-18, 6-19",〔不可信〕
6-18,智能鸿沟与 AI 平等,前置概念,"2-16, 6-17",〔不可信〕
6-18,智能鸿沟与 AI 平等,后续概念,6-19,〔不可信〕
6-19,AI 与人类未来选择,前置概念,"6-14, 6-15, 6-18",〔不可信〕
6-19,AI 与人类未来选择,后续概念,—,（空值 —）
6-20,算法备案与治理制度,前置概念,6-09,〔不可信〕
6-20,算法备案与治理制度,后续概念,—,（空值 —）
6-21,软蒸馏与硬蒸馏（行业含义）,前置概念,"6-05, 3-27",〔不可信〕
6-21,软蒸馏与硬蒸馏（行业含义）,后续概念,6-19,〔不可信〕
6-22,认知卸载（认知外包）,前置概念,"4-03, 4-29",〔不可信〕
6-22,认知卸载（认知外包）,后续概念,"6-23, 6-15",〔不可信〕
6-23,AI 依赖与自我管理,前置概念,6-22,〔不可信〕
6-23,AI 依赖与自我管理,后续概念,6-16,〔不可信〕
6-24,注意力经济与算法操纵,前置概念,2-17,〔不可信〕
6-24,注意力经济与算法操纵,后续概念,"6-23, 6-18",〔不可信〕
6-25,拟人化倾向与 AI 依恋,前置概念,"1-03, 4-08",〔不可信〕
6-25,拟人化倾向与 AI 依恋,后续概念,"6-23, 6-15",〔不可信〕
6-26,信任校准,前置概念,"4-12, 6-01",〔不可信〕
6-26,信任校准,后续概念,6-15,〔不可信〕
6-27,AI 生成内容的版权归属,前置概念,"6-05, 4-02",〔不可信〕
6-27,AI 生成内容的版权归属,后续概念,"6-28, 6-29",〔不可信〕
6-28,人机共创,前置概念,"6-27, 4-02",〔不可信〕
6-28,人机共创,后续概念,"6-29, 6-15",〔不可信〕
6-29,AI 垃圾内容（AI Slop）与风格趋同,前置概念,"6-28, 4-02",〔不可信〕
6-29,AI 垃圾内容（AI Slop）与风格趋同,后续概念,6-15,〔不可信〕
6-30,芯片出口管制,前置概念,"5-20, 5-21",〔不可信〕
6-30,芯片出口管制,后续概念,"6-31, 6-32",〔不可信〕
6-31,国产替代与自主可控,前置概念,6-30,〔不可信〕
6-31,国产替代与自主可控,后续概念,6-33,〔不可信〕
6-32,开源与闭源之争,前置概念,"5-15, 3-22",〔不可信〕
6-32,开源与闭源之争,后续概念,"6-31, 6-33",〔不可信〕
6-33,算力鸿沟,前置概念,"5-21, 6-18",〔不可信〕
6-33,算力鸿沟,后续概念,6-19,〔不可信〕
6-34,红队测试,前置概念,5-19,〔不可信〕
6-34,红队测试,后续概念,"6-35, 6-11",〔不可信〕
6-35,护栏与内容审核,前置概念,"6-34, 5-19",〔不可信〕
6-35,护栏与内容审核,后续概念,"6-36, 6-16",〔不可信〕
6-36,模型卡与安全说明,前置概念,"6-35, 5-11",〔不可信〕
6-36,模型卡与安全说明,后续概念,6-11,〔不可信〕
6-37,深度伪造检测,前置概念,"6-06, 2-22",〔不可信〕
6-37,深度伪造检测,后续概念,6-35,〔不可信〕
6-38,欧盟人工智能法案,前置概念,6-09,〔不可信〕
6-38,欧盟人工智能法案,后续概念,"6-39, 6-40",〔不可信〕
6-39,中国生成式人工智能管理办法,前置概念,"6-09, 6-20",〔不可信〕
6-39,中国生成式人工智能管理办法,后续概念,6-40,〔不可信〕
6-40,人工智能生成合成内容标识办法,前置概念,"6-39, 4-21",〔不可信〕
6-40,人工智能生成合成内容标识办法,后续概念,6-37,〔不可信〕
6-41,AI素养,前置概念,"2-16, 6-26, 6-23",〔不可信〕
6-41,AI素养,后续概念,—,（空值 —）
